;Minivan;Wagon;Pickup;Automatic;EngineSize p;Cylinders p;MilesPerGallonCity p;MilesPerGallonHighway p;ShortUtilityVehicule;AllWheelDrive;Hybrid
i1;0;0;0;1;1.5;4;60;51;0;0;1
i2;0;0;0;1;1.3;4;48;47;0;0;1
i3;0;0;0;1;1.3;4;47;48;0;0;1
i4;0;0;0;0;1.3;4;46;51;0;0;1
i5;0;0;0;0;1.3;4;45;51;0;0;1
i6;0;0;0;0;1.9;4;38;46;0;0;0
i7;0;0;0;0;1.9;4;38;46;0;0;0
i8;0;0;0;0;1.9;4;38;46;0;0;0
i9;0;0;0;1;2.3;4;36;31;1;0;1
i10;0;0;0;0;1.7;4;36;44;0;0;0
i11;0;1;0;0;1.9;4;36;43;0;0;0
i12;0;0;0;1;1.7;4;35;40;0;0;0
i13;0;0;0;0;1.5;4;35;42;0;0;0
i14;0;0;0;1;1.9;4;35;42;0;0;0
i15;0;0;0;1;1.9;4;35;42;0;0;0
i16;0;0;0;1;2.3;4;33;29;1;0;1
i17;0;0;0;1;1.5;4;33;39;0;0;0
i18;0;0;0;0;1.7;4;32;38;0;0;0
i19;0;0;0;0;1.7;4;32;37;0;0;0
i20;0;0;0;0;1.5;4;32;37;0;0;0
i21;0;0;0;0;1.8;4;32;41;0;0;0
i22;0;0;0;1;1.9;4;32;43;0;0;0
i23;0;0;0;1;1.9;4;32;43;0;0;0
i24;0;1;0;1;1.9;4;32;43;0;0;0
i25;0;0;0;1;1.7;4;31;38;0;0;0
i26;0;0;0;1;1.5;4;31;38;0;0;0
i27;0;1;0;1;1.5;4;31;35;0;0;0
i28;0;1;0;0;1.5;4;31;34;0;0;0
i29;0;1;0;0;1.8;4;30;36;0;0;0
i30;0;0;0;1;1.8;4;30;38;0;0;0
i31;0;1;0;0;1.8;4;30;36;0;0;0
i32;0;0;0;1;3.0;6;29;37;0;0;1
i33;0;0;0;0;2.0;4;29;36;0;0;0
i34;0;0;0;1;1.7;4;29;38;0;0;0
i35;0;0;0;0;1.6;4;29;33;0;0;0
i36;0;1;0;1;1.8;4;29;34;0;0;0
i37;0;0;0;1;1.8;4;29;36;0;0;0
i38;0;0;0;0;1.5;4;28;36;0;0;0
i39;0;0;0;0;2.0;4;28;35;0;0;0
i40;0;0;0;0;1.6;4;28;36;0;0;0
i41;0;0;0;1;1.8;4;28;34;0;0;0
i42;0;0;0;0;1.8;4;28;35;0;0;0
i43;0;1;0;1;1.8;4;28;34;0;0;0
i44;0;0;0;1;3.2;6;27;37;0;0;0
i45;0;0;0;0;2.0;4;27;34;0;0;0
i46;0;0;0;0;1.6;4;27;35;0;0;0
i47;0;0;0;0;1.6;4;27;35;0;0;0
i48;0;0;0;1;1.5;4;27;35;0;0;0
i49;0;0;0;0;2.0;4;27;34;0;0;0
i50;0;0;0;0;1.6;4;27;35;0;0;0
i51;0;0;0;0;2.0;4;27;34;0;0;0
i52;0;0;0;0;1.6;4;27;35;0;0;0
i53;0;0;0;0;1.6;4;27;35;0;0;0
i54;0;0;0;0;1.6;4;27;35;0;0;0
i55;0;0;0;0;1.6;4;27;35;0;0;0
i56;0;0;0;0;1.8;4;27;33;0;0;0
i57;0;0;0;1;2.0;4;27;38;0;0;0
i58;0;1;0;1;2.0;4;27;38;0;0;0
i59;0;0;0;1;1.6;4;26;34;0;0;0
i60;0;0;0;1;1.6;4;26;34;0;0;0
i61;0;0;0;0;2.2;4;26;36;0;0;0
i62;0;0;0;1;2.0;4;26;32;0;0;0
i63;0;0;0;0;2.0;4;26;35;0;0;0
i64;0;1;0;1;2.0;4;26;32;0;0;0
i65;0;1;0;0;2.0;4;26;35;0;0;0
i66;0;0;0;0;2.4;4;26;34;0;0;0
i67;0;0;0;0;2.0;4;26;31;0;0;0
i68;0;0;0;1;1.6;4;26;35;0;0;0
i69;0;0;0;1;2.0;4;26;34;0;0;0
i70;0;0;0;1;1.6;4;26;34;0;0;0
i71;0;0;0;1;1.6;4;26;33;0;0;0
i72;0;0;0;0;2.2;4;26;36;0;0;0
i73;0;1;0;1;1.8;4;26;31;0;1;0
i74;0;0;0;1;1.6;4;26;34;0;0;0
i75;0;0;0;1;1.6;4;26;34;0;0;0
i76;0;0;0;0;2.2;4;26;35;0;0;0
i77;0;0;0;1;1.6;4;26;34;0;0;0
i78;0;0;0;1;1.6;4;26;34;0;0;0
i79;0;0;0;0;1.8;4;26;34;0;0;0
i80;0;1;0;1;1.8;4;26;31;0;0;0
i81;0;0;0;0;1.8;4;26;32;0;0;0
i82;0;0;0;0;1.8;4;26;33;0;0;0
i83;0;0;0;1;2.0;4;25;34;0;0;0
i84;0;0;0;1;2.2;4;25;34;0;0;0
i85;0;0;0;0;2.2;4;25;34;0;0;0
i86;0;0;0;0;1.6;4;25;31;0;0;0
i87;0;0;0;0;2.0;4;25;33;0;0;0
i88;0;0;0;0;2.3;4;25;32;0;0;0
i89;0;0;0;0;1.6;4;25;32;0;0;0
i90;0;0;0;0;1.6;4;25;32;0;0;0
i91;0;0;0;1;2.0;4;25;31;0;0;0
i92;0;0;0;1;2.2;4;25;34;0;0;0
i93;0;1;0;0;1.8;4;25;32;0;0;0
i94;0;0;0;1;2.3;4;25;31;0;0;0
i95;0;0;0;0;2.3;4;25;31;0;0;0
i96;0;1;0;1;2.3;4;25;30;0;0;0
i97;0;1;0;0;2.3;4;25;31;0;0;0
i98;0;0;0;1;1.8;4;25;31;0;0;0
i99;0;1;0;0;1.8;4;25;32;0;0;0
i100;0;0;0;0;1.8;4;25;30;0;0;0
i101;0;0;0;0;1.8;4;25;30;0;0;0
i102;0;0;0;1;2.0;4;24;32;0;0;0
i103;0;0;0;1;2.2;4;24;34;0;0;0
i104;0;0;0;1;2.2;4;24;32;0;0;0
i105;0;0;0;1;2.2;4;24;35;0;0;0
i106;0;0;0;0;2.4;4;24;32;0;0;0
i107;0;0;0;0;2.4;4;24;32;0;0;0
i108;0;0;0;0;2.3;4;24;29;1;0;0
i109;0;0;1;0;2.3;4;24;29;0;0;0
i110;0;0;0;1;2.4;4;24;34;0;0;0
i111;0;0;0;1;2.0;4;24;32;0;0;0
i112;0;0;0;0;2.0;4;24;30;0;0;0
i113;0;0;0;1;1.6;4;24;31;0;0;0
i114;0;0;0;1;2.0;4;24;34;0;0;0
i115;0;0;0;1;2.3;4;24;29;0;0;0
i116;0;0;1;0;2.3;4;24;29;0;0;0
i117;0;0;0;0;2.3;4;24;29;1;0;0
i118;0;0;0;1;1.8;4;24;32;0;0;0
i119;0;0;0;0;2.5;4;24;31;0;0;0
i120;0;0;0;1;2.2;4;24;34;0;0;0
i121;0;0;0;1;2.2;4;24;32;0;0;0
i122;0;0;0;1;2.3;4;24;29;0;1;0
i123;0;1;0;1;2.3;4;24;29;0;1;0
i124;0;0;0;1;2.4;4;24;34;0;0;0
i125;0;0;0;0;2.4;4;24;33;0;0;0
i126;0;0;0;0;2.4;4;24;33;0;0;0
i127;0;0;0;0;1.8;4;24;33;0;0;0
i128;0;0;0;1;2.4;4;24;29;1;0;0
i129;0;0;0;0;2.4;4;24;30;1;0;0
i130;0;0;0;1;2.0;4;24;30;0;0;0
i131;0;0;0;0;2.0;4;24;31;0;0;0
i132;0;0;0;0;1.8;4;24;31;0;0;0
i133;0;0;0;0;1.8;4;24;31;0;0;0
i134;0;0;0;1;2.0;4;24;30;0;0;0
i135;0;0;0;0;2.0;4;24;31;0;0;0
i136;0;1;0;0;1.8;4;24;31;0;0;0
i137;0;1;0;0;2.0;4;24;30;0;0;0
i138;0;0;0;0;2.0;4;24;31;0;0;0
i139;0;0;0;0;2.0;4;24;30;0;0;0
i140;0;0;0;0;2.0;4;23;31;0;0;0
i141;0;0;0;1;1.8;4;23;29;0;0;0
i142;0;0;0;0;2.0;4;23;34;0;0;0
i143;0;0;0;1;1.8;4;23;30;0;0;0
i144;0;0;0;0;2.0;4;23;29;0;0;0
i145;0;0;0;1;2.4;4;23;29;1;0;0
i146;0;0;0;0;2.4;4;23;30;0;0;0
i147;0;0;0;0;1.8;4;23;27;0;0;0
i148;0;0;0;0;2.3;4;23;31;0;0;0
i149;0;0;0;1;2.3;4;23;28;0;0;0
i150;0;0;0;0;1.8;4;23;28;0;0;0
i151;0;0;0;0;1.8;4;23;28;0;0;0
i152;0;0;0;0;1.8;4;23;32;0;0;0
i153;0;0;0;1;1.8;4;23;32;0;0;0
i154;0;0;0;0;1.8;4;23;31;0;0;0
i155;0;0;0;1;1.6;4;23;32;0;0;0
i156;0;0;0;1;1.6;4;23;32;0;0;0
i157;0;0;0;0;2.4;4;23;31;0;0;0
i158;0;0;0;0;2.4;4;23;31;0;0;0
i159;0;0;0;1;2.4;4;23;30;0;0;0
i160;0;0;0;0;2.4;4;23;29;0;0;0
i161;0;0;0;1;2.5;4;23;29;0;0;0
i162;0;0;0;1;2.5;4;23;28;0;0;0
i163;0;0;0;0;2.5;4;23;29;0;0;0
i164;0;1;0;1;2.5;4;23;29;0;1;0
i165;0;0;0;0;2.0;4;23;29;0;0;0
i166;0;0;0;0;2.2;4;23;29;1;0;0
i167;0;0;0;1;2.4;4;23;30;0;0;0
i168;0;0;0;0;2.5;4;23;30;1;1;0
i169;0;0;0;0;2.5;4;23;30;0;1;0
i170;0;1;0;0;2.5;4;23;30;0;1;0
i171;0;0;0;0;2.5;4;23;30;0;1;0
i172;0;1;0;0;2.5;4;23;30;0;1;0
i173;0;0;0;0;2.5;4;23;28;1;1;0
i174;0;0;0;1;2.4;4;23;32;0;0;0
i175;0;1;0;1;2.0;4;23;29;0;0;0
i176;0;0;0;1;3.5;6;22;32;0;0;0
i177;0;0;0;1;3.5;6;22;30;0;0;0
i178;0;0;0;1;3.5;6;22;32;0;0;0
i179;0;0;0;1;3.5;6;22;31;0;0;0
i180;0;0;0;0;2.8;6;22;29;0;0;0
i181;0;0;0;0;2.5;5;22;30;0;0;0
i182;0;0;0;1;2.5;5;22;30;0;0;0
i183;0;0;0;0;2.4;5;22;29;0;0;0
i184;0;0;0;1;2.4;5;22;30;0;0;0
i185;0;0;0;0;2.5;5;22;31;0;0;0
i186;0;0;0;0;2.4;5;22;29;0;0;0
i187;0;1;0;0;2.4;5;22;29;0;0;0
i188;0;1;0;1;2.4;5;22;30;0;0;0
i189;0;1;0;0;2.5;5;22;31;0;0;0
i190;0;1;0;0;2.4;5;22;29;0;0;0
i191;0;0;0;1;2.4;4;22;31;0;0;0
i192;0;0;0;0;1.8;4;22;31;0;0;0
i193;0;1;0;0;2.0;4;22;31;0;0;0
i194;0;1;0;1;2.0;4;22;30;0;0;0
i195;0;0;0;0;2.0;4;22;31;0;0;0
i196;0;0;0;1;2.0;4;22;30;0;0;0
i197;0;0;0;1;2.0;4;22;30;0;0;0
i198;0;0;0;0;2.0;4;22;30;0;0;0
i199;0;0;0;1;2.0;4;22;30;0;0;0
i200;0;0;0;0;2.0;4;22;30;0;0;0
i201;0;0;0;0;2.4;4;22;29;1;0;0
i202;0;0;0;0;2.4;4;22;29;1;0;0
i203;0;0;0;1;2.4;4;22;30;0;0;0
i204;0;0;0;1;2.4;4;22;30;0;0;0
i205;0;0;0;0;2.4;4;22;30;0;0;0
i206;0;0;0;1;2.4;4;22;30;0;0;0
i207;0;0;0;1;2.3;4;22;25;1;0;0
i208;0;0;0;0;2.3;4;22;26;1;0;0
i209;0;0;0;0;2.3;4;22;31;0;0;0
i210;0;0;1;1;2.3;4;22;26;0;0;0
i211;0;0;0;1;2.4;4;22;27;1;0;0
i212;0;0;0;1;2.4;4;22;26;1;0;0
i213;0;0;0;1;2.4;4;22;30;0;0;0
i214;0;0;0;0;2.4;4;22;30;0;0;0
i215;0;0;0;1;2.0;4;22;30;0;0;0
i216;0;0;0;1;2.0;4;22;27;1;0;0
i217;0;0;0;0;2.0;4;22;27;1;0;0
i218;0;0;0;1;2.4;4;22;30;0;0;0
i219;0;0;0;1;2.0;4;22;27;1;0;0
i220;0;0;0;0;2.0;4;22;27;1;0;0
i221;0;0;1;1;2.3;4;22;26;0;0;0
i222;0;0;0;1;1.8;4;22;28;0;0;0
i223;0;0;0;1;2.3;4;22;25;1;0;0
i224;0;0;0;0;2.3;4;22;26;1;0;0
i225;0;0;0;1;2.3;4;22;26;1;0;0
i226;0;0;0;1;2.4;4;22;28;0;0;0
i227;0;1;0;1;2.4;4;22;29;0;0;0
i228;0;0;0;0;2.4;4;22;28;1;0;0
i229;0;0;1;0;2.5;4;22;25;0;0;0
i230;0;1;0;0;2.5;4;22;29;0;1;0
i231;0;0;0;0;2.0;4;22;32;0;0;0
i232;0;0;0;0;2.0;4;22;30;0;0;0
i233;0;0;0;1;2.2;4;22;28;1;0;0
i234;0;0;0;1;2.2;4;22;27;1;0;0
i235;0;0;0;0;2.4;4;22;29;0;0;0
i236;0;0;0;1;2.5;4;22;28;1;1;0
i237;0;0;0;1;2.5;4;22;28;0;1;0
i238;0;1;0;1;2.5;4;22;28;0;1;0
i239;0;0;0;1;2.5;4;22;30;0;1;0
i240;0;1;0;1;2.5;4;22;30;0;1;0
i241;0;0;0;1;2.5;4;22;28;1;1;0
i242;0;0;0;1;2.0;4;22;30;0;0;0
i243;0;0;0;0;2.0;4;22;30;0;0;0
i244;0;0;0;1;2.0;4;22;30;0;0;0
i245;0;0;0;0;2.0;4;22;30;0;0;0
i246;0;0;0;1;2.4;4;22;27;1;0;0
i247;0;0;0;1;2.4;4;22;27;1;0;0
i248;0;0;0;0;2.4;4;22;27;1;0;0
i249;0;0;0;1;1.8;4;22;29;0;0;0
i250;0;0;0;1;1.8;4;22;29;0;0;0
i251;0;1;0;1;1.8;4;22;29;0;0;0
i252;0;0;0;1;1.8;4;22;30;0;0;0
i253;0;0;0;1;2.0;4;22;31;0;0;0
i254;0;0;0;1;1.8;4;22;30;0;0;0
i255;0;0;0;0;1.8;4;22;31;0;0;0
i256;0;1;0;0;1.8;4;22;31;0;0;0
i257;0;0;0;1;3.0;6;21;29;0;0;0
i258;0;0;0;1;3.0;6;21;29;0;0;0
i259;0;0;0;1;2.5;6;21;30;0;0;0
i260;0;0;0;1;2.5;6;21;28;0;0;0
i261;0;0;0;0;3.0;6;21;29;0;0;0
i262;0;0;0;1;3.4;6;21;32;0;0;0
i263;0;0;0;1;3.4;6;21;32;0;0;0
i264;0;0;0;1;2.7;6;21;28;0;0;0
i265;0;0;0;0;7.0;6;21;28;0;0;0
i266;0;0;0;1;3.2;6;21;28;0;0;0
i267;0;0;0;1;3.2;6;21;28;0;0;0
i268;0;0;0;0;3.0;6;21;29;0;0;0
i269;0;0;0;1;2.7;6;21;28;0;0;0
i270;0;0;0;1;2.7;6;21;28;0;0;0
i271;0;0;0;1;2.7;6;21;28;0;0;0
i272;0;0;0;1;2.7;6;21;28;1;0;0
i273;0;0;0;0;3.0;6;21;29;0;0;0
i274;0;0;0;1;2.7;6;21;28;0;0;0
i275;0;0;0;1;2.7;6;21;28;0;0;0
i276;0;0;0;1;3.0;6;21;29;0;0;0
i277;0;0;0;1;3.0;6;21;30;0;0;0
i278;0;0;0;1;3.3;6;21;29;0;0;0
i279;0;0;0;1;3.0;6;21;29;0;0;0
i280;0;0;0;1;3.0;6;21;28;0;0;0
i281;0;0;0;0;3.5;6;21;27;0;0;0
i282;0;0;0;1;3.5;6;21;29;0;0;0
i283;0;0;0;1;3.0;6;21;28;0;0;0
i284;0;1;0;1;3.0;6;21;28;0;0;0
i285;0;0;0;1;3.3;6;21;29;0;0;0
i286;0;0;0;1;3.3;6;21;29;0;0;0
i287;0;0;0;1;2.5;5;21;30;0;0;0
i288;0;0;0;1;2.4;5;21;29;0;0;0
i289;0;0;0;0;2.4;5;21;28;0;0;0
i290;0;0;0;1;2.4;5;21;29;0;0;0
i291;0;0;0;1;2.5;5;21;30;0;0;0
i292;0;0;0;1;2.5;5;21;30;0;0;0
i293;0;1;0;1;2.5;5;21;30;0;0;0
i294;0;1;0;1;2.4;5;21;28;0;0;0
i295;0;1;0;1;2.5;5;21;30;0;0;0
i296;0;0;0;0;2.4;4;21;30;0;0;0
i297;0;1;0;0;1.8;4;21;30;0;0;0
i298;0;0;0;0;1.8;4;21;30;0;0;0
i299;0;0;0;1;1.8;4;21;29;0;0;0
i300;0;0;1;0;2.8;4;21;27;0;0;0
i301;0;0;1;0;2.8;4;21;26;0;0;0
i302;0;0;0;1;2.4;4;21;26;1;0;0
i303;0;0;0;0;2.4;4;21;27;1;0;0
i304;0;0;0;1;2.4;4;21;26;1;0;0
i305;0;0;0;0;2.4;4;21;27;1;0;0
i306;0;0;0;1;2.4;4;21;28;0;0;0
i307;0;0;0;1;2.4;4;21;28;0;0;0
i308;0;0;1;0;2.8;4;21;27;0;0;0
i309;0;0;1;0;2.8;4;21;26;0;0;0
i310;0;0;0;0;2.4;4;21;26;1;0;0
i311;0;0;0;0;2.4;4;21;25;1;0;0
i312;0;0;0;1;2.4;4;21;24;1;0;0
i313;0;0;0;0;2.4;4;21;24;1;0;0
i314;0;0;0;0;2.0;4;21;26;1;0;0
i315;0;0;0;0;2.4;4;21;26;1;0;0
i316;0;0;0;1;2.8;4;21;26;1;0;0
i317;0;0;0;0;2.0;4;21;26;1;0;0
i318;0;0;0;1;2.4;4;21;28;0;0;0
i319;0;0;0;1;2.4;4;21;28;0;0;0
i320;0;0;0;1;2.4;4;21;26;1;0;0
i321;0;0;0;0;2.4;4;21;27;1;0;0
i322;0;0;0;1;2.4;4;21;25;1;0;0
i323;0;0;0;0;2.0;4;21;28;0;0;0
i324;0;0;0;1;2.0;4;21;28;0;0;0
i325;0;0;0;1;2.0;4;21;31;0;0;0
i326;0;0;0;1;2.2;4;21;26;1;1;0
i327;0;0;0;1;2.5;4;21;28;1;1;0
i328;0;0;0;0;2.5;4;21;27;1;1;0
i329;0;0;0;1;2.4;4;21;25;1;0;0
i330;0;0;1;1;2.7;4;21;26;0;0;0
i331;0;0;0;0;1.8;4;21;29;0;0;0
i332;0;0;0;1;2.0;4;21;31;0;0;0
i333;0;0;0;1;1.8;4;21;30;0;0;0
i334;0;0;0;0;1.8;4;21;30;0;0;0
i335;0;1;0;1;1.8;4;21;30;0;0;0
i336;0;1;0;0;1.8;4;21;30;0;0;0
i337;0;0;0;0;3.2;6;20;29;0;0;0
i338;0;0;0;1;3.2;6;20;29;0;0;0
i339;0;0;0;0;2.5;6;20;29;0;0;0
i340;0;0;0;0;2.5;6;20;29;0;0;0
i341;0;1;0;0;2.5;6;20;29;0;0;0
i342;0;0;0;0;3.0;6;20;30;0;0;0
i343;0;0;0;1;3.0;6;20;29;0;0;0
i344;0;0;0;0;3.0;6;20;30;0;0;0
i345;0;0;0;1;3.0;6;20;29;0;0;0
i346;0;0;0;0;3.0;6;20;29;0;0;0
i347;0;0;0;0;3.0;6;20;30;0;0;0
i348;0;0;0;1;3.0;6;20;29;0;0;0
i349;0;0;0;0;2.5;6;20;28;0;0;0
i350;0;0;0;1;3.0;6;20;29;0;0;0
i351;0;0;0;1;3.1;6;20;30;0;0;0
i352;0;0;0;1;3.8;6;20;29;0;0;0
i353;0;0;0;1;3.8;6;20;29;0;0;0
i354;0;0;0;1;3.8;6;20;29;0;0;0
i355;0;0;0;1;2.5;6;20;28;0;0;0
i356;0;0;0;1;3.8;6;20;30;0;0;0
i357;0;0;0;1;3.8;6;20;30;0;0;0
i358;0;0;0;1;3.0;6;20;28;0;0;0
i359;0;0;0;1;3.0;6;20;28;0;0;0
i360;0;0;0;1;3.0;6;20;28;0;0;0
i361;0;0;0;1;3.0;6;20;28;0;0;0
i362;0;0;0;1;3.0;6;20;25;1;0;0
i363;0;0;0;1;3.0;6;20;27;0;0;0
i364;0;0;0;1;3.0;6;20;27;1;0;0
i365;0;0;0;1;3.0;6;20;27;0;0;0
i366;0;0;0;1;3.0;6;20;27;0;0;0
i367;0;0;0;0;3.0;6;20;30;0;0;0
i368;1;0;0;1;3.5;6;20;28;0;0;0
i369;0;0;0;0;2.7;6;20;27;0;0;0
i370;0;0;0;1;2.7;6;20;26;1;0;0
i371;0;0;0;1;2.7;6;20;27;0;0;0
i372;0;0;0;0;2.7;6;20;28;0;0;0
i373;0;0;0;1;3.0;6;20;26;0;0;0
i374;0;0;0;1;3.0;6;20;27;0;0;0
i375;0;1;0;1;3.0;6;20;27;0;0;0
i376;0;0;0;1;3.0;6;20;25;1;0;0
i377;0;0;0;1;2.6;6;20;25;0;0;0
i378;0;1;0;1;2.6;6;20;25;0;0;0
i379;0;0;0;1;3.2;6;20;26;0;0;0
i380;0;0;0;1;3.2;6;20;28;0;0;0
i381;0;0;0;1;3.2;6;20;26;0;0;0
i382;0;0;0;1;3.2;6;20;28;0;0;0
i383;0;1;0;1;3.2;6;20;28;0;0;0
i384;0;0;0;1;3.0;6;20;25;1;0;0
i385;0;0;0;1;3.0;6;20;27;0;0;0
i386;0;0;0;1;3.0;6;20;27;0;0;0
i387;0;0;0;1;3.0;6;20;27;0;0;0
i388;0;0;0;0;3.0;6;20;29;0;0;0
i389;0;0;0;1;3.0;6;20;28;0;0;0
i390;0;0;0;0;3.0;6;20;29;0;0;0
i391;0;0;0;0;3.0;6;20;28;0;0;0
i392;0;0;0;1;3.0;6;20;28;0;0;0
i393;0;0;0;1;3.0;6;20;27;0;0;0
i394;0;0;0;0;3.5;6;20;26;0;0;0
i395;0;0;0;0;3.5;6;20;26;0;0;0
i396;0;0;0;0;3.5;6;20;28;0;0;0
i397;0;0;0;1;3.5;6;20;30;0;0;0
i398;0;0;0;0;3.5;6;20;29;0;0;0
i399;0;0;0;1;3.5;6;20;28;0;0;0
i400;0;0;0;1;3.5;6;20;24;1;1;0
i401;0;0;0;1;3.5;6;20;25;1;0;0
i402;0;0;0;1;3.8;6;20;29;0;0;0
i403;0;0;0;1;3.4;6;20;29;0;0;0
i404;0;0;0;1;3.8;6;20;30;0;0;0
i405;0;0;0;1;3.5;6;20;28;1;0;0
i406;0;0;0;1;2.5;6;20;28;0;0;0
i407;0;0;0;1;3.0;6;20;28;0;0;0
i408;0;0;0;1;3.3;6;20;29;0;0;0
i409;0;0;0;0;2.8;6;20;28;0;0;0
i410;0;1;0;0;2.8;6;20;28;0;0;0
i411;0;0;0;1;2.5;5;20;27;0;1;0
i412;0;1;0;0;2.4;5;20;26;0;0;0
i413;0;1;0;1;1.8;4;20;29;0;0;0
i414;0;0;0;1;1.8;4;20;29;0;0;0
i415;0;0;0;0;1.8;4;20;29;0;0;0
i416;0;0;0;1;1.8;4;20;28;0;0;0
i417;0;0;0;0;1.8;4;20;29;0;0;0
i418;0;1;0;1;2.0;4;20;28;0;0;0
i419;0;1;0;0;2.0;4;20;30;0;0;0
i420;1;0;0;1;2.4;4;20;26;0;0;0
i421;0;0;0;0;2.2;4;20;25;0;0;0
i422;0;0;0;1;2.4;4;20;26;1;0;0
i423;0;0;0;0;2.4;4;20;27;1;0;0
i424;0;0;0;0;2.4;4;20;24;1;0;0
i425;0;0;0;0;1.8;4;20;26;0;0;0
i426;0;0;0;1;2.3;4;20;23;1;0;0
i427;0;0;0;1;2.4;4;20;26;0;0;0
i428;0;0;0;0;2.3;4;20;30;0;0;0
i429;0;1;0;0;2.0;4;20;26;0;1;0
i430;0;1;0;0;2.3;4;20;30;0;0;0
i431;0;0;0;1;2.5;4;20;23;1;1;0
i432;0;0;0;0;2.0;4;20;27;0;1;0
i433;0;1;0;0;2.0;4;20;27;0;1;0
i434;0;1;0;1;2.0;4;20;28;0;0;0
i435;0;1;0;0;2.0;4;20;30;0;0;0
i436;0;0;1;0;2.7;4;20;27;0;0;0
i437;0;0;0;1;1.8;4;20;29;0;0;0
i438;0;1;0;1;1.8;4;20;29;0;0;0
i439;0;1;0;1;3.1;6;19;26;0;0;0
i440;0;0;0;1;3.1;6;19;26;0;0;0
i441;0;0;0;1;3.1;6;19;26;0;0;0
i442;0;0;0;1;3.2;6;19;26;0;0;0
i443;0;0;0;1;3.2;6;19;25;0;0;0
i444;0;0;0;1;2.5;6;19;27;0;0;0
i445;0;0;0;0;2.5;6;19;27;0;0;0
i446;0;0;0;1;2.5;6;19;27;0;0;0
i447;0;1;0;1;2.5;6;19;27;0;0;0
i448;0;0;0;0;2.5;6;19;27;0;0;0
i449;0;0;0;1;2.5;6;19;26;0;0;0
i450;0;1;0;0;2.5;6;19;26;0;0;0
i451;0;1;0;1;2.5;6;19;26;0;0;0
i452;0;0;0;1;3.0;6;19;27;0;0;0
i453;0;0;0;0;3.0;6;19;28;0;0;0
i454;0;0;0;1;3.0;6;19;27;0;0;0
i455;0;0;0;1;3.0;6;19;27;0;0;0
i456;0;0;0;0;2.5;6;19;28;0;0;0
i457;0;0;0;1;2.5;6;19;28;0;0;0
i458;0;0;0;1;3.0;6;19;29;0;0;0
i459;0;0;0;1;3.0;6;19;27;0;0;0
i460;0;0;0;1;3.6;6;19;27;0;0;0
i461;0;0;0;1;3.8;6;19;28;0;0;0
i462;0;0;0;1;3.4;6;19;26;1;0;0
i463;0;0;0;1;3.4;6;19;25;1;1;0
i464;0;0;0;1;3.4;6;19;25;1;0;0
i465;0;0;0;1;3.8;6;19;28;0;0;0
i466;0;0;0;1;3.8;6;19;28;0;0;0
i467;1;0;0;1;3.4;6;19;26;0;0;0
i468;0;0;0;1;3.5;6;19;27;0;0;0
i469;1;0;0;1;3.3;6;19;26;0;0;0
i470;1;0;0;1;3.3;6;19;26;0;0;0
i471;0;0;0;1;3.5;6;19;27;1;0;0
i472;0;0;0;1;3.0;6;19;26;0;1;0
i473;0;0;0;1;3.0;6;19;24;1;1;0
i474;0;0;0;1;4.0;6;19;25;0;0;0
i475;0;0;0;0;4.0;6;19;28;0;0;0
i476;0;0;0;1;3.0;6;19;27;0;0;0
i477;0;1;0;1;3.0;6;19;25;0;0;0
i478;0;1;0;1;3.0;6;19;27;0;0;0
i479;0;1;0;1;3.0;6;19;26;0;0;0
i480;1;0;0;1;3.5;6;19;25;0;0;0
i481;0;0;0;1;2.7;6;19;25;1;0;0
i482;0;0;0;1;2.7;6;19;27;0;0;0
i483;0;0;0;1;2.7;6;19;26;0;0;0
i484;0;0;0;0;2.7;6;19;26;0;0;0
i485;0;0;0;1;2.7;6;19;24;1;0;0
i486;0;0;0;0;3.5;6;19;26;0;0;0
i487;0;0;0;0;2.5;6;19;28;0;0;0
i488;0;0;0;1;2.5;6;19;26;0;0;0
i489;0;0;0;0;2.5;6;19;27;0;0;0
i490;0;0;0;1;2.7;6;19;25;1;0;0
i491;0;0;0;1;2.7;6;19;23;1;0;0
i492;0;0;0;1;3.3;6;19;25;1;0;0
i493;0;0;0;0;3.0;6;19;26;0;0;0
i494;0;1;0;0;3.0;6;19;26;0;0;0
i495;0;0;0;1;2.6;6;19;25;0;0;0
i496;0;1;0;1;2.6;6;19;24;0;0;0
i497;0;0;0;0;3.2;6;19;26;0;0;0
i498;0;0;0;1;3.2;6;19;26;0;0;0
i499;0;0;0;1;3.2;6;19;24;0;0;0
i500;0;0;0;1;3.2;6;19;25;0;0;0
i501;0;0;0;1;3.5;6;19;25;0;0;0
i502;0;0;0;1;3.0;6;19;26;0;1;0
i503;0;0;0;1;3.0;6;19;27;0;0;0
i504;0;1;0;1;3.0;6;19;25;0;0;0
i505;0;1;0;1;3.0;6;19;27;0;0;0
i506;0;1;0;1;3.0;6;19;26;0;0;0
i507;0;0;0;1;3.8;6;19;27;0;0;0
i508;0;0;0;0;3.5;6;19;25;0;0;0
i509;0;0;0;1;3.5;6;19;26;0;0;0
i510;1;0;0;1;3.5;6;19;26;0;0;0
i511;0;0;0;1;3.4;6;19;26;1;0;0
i512;0;0;0;1;3.8;6;19;28;0;0;0
i513;1;0;0;1;3.4;6;19;26;0;0;0
i514;0;0;0;1;3.6;6;19;26;0;0;0
i515;0;0;0;1;3.6;6;19;26;0;0;0
i516;0;0;0;1;3.8;6;19;26;0;0;0
i517;0;0;0;1;3.8;6;19;26;0;0;0
i518;0;0;0;1;3.5;6;19;25;1;1;0
i519;0;0;0;1;3.0;6;19;25;1;1;0
i520;0;0;0;1;3.0;6;19;25;1;1;0
i521;0;0;0;1;2.5;6;19;22;1;0;0
i522;0;0;0;0;2.5;6;19;22;1;0;0
i523;0;0;0;1;2.5;6;19;22;1;0;0
i524;0;0;0;0;2.5;6;19;22;1;0;0
i525;0;0;0;1;3.3;6;19;25;1;0;0
i526;1;0;0;1;3.3;6;19;26;0;0;0
i527;0;0;0;1;2.8;6;19;27;0;0;0
i528;0;0;0;1;2.8;6;19;26;0;0;0
i529;0;1;0;1;2.8;6;19;27;0;0;0
i530;0;1;0;1;2.8;6;19;26;0;0;0
i531;0;0;1;0;3.5;5;19;25;0;0;0
i532;0;0;1;0;3.5;5;19;24;0;0;0
i533;0;0;1;0;3.5;5;19;25;0;0;0
i534;0;0;1;0;3.5;5;19;24;0;0;0
i535;0;0;0;0;2.5;5;19;27;0;1;0
i536;0;0;0;1;2.5;5;19;26;0;1;0
i537;0;0;0;1;2.5;5;19;26;0;1;0
i538;0;1;0;0;2.5;5;19;27;0;1;0
i539;0;1;0;1;2.5;5;19;26;0;1;0
i540;0;1;0;1;2.5;5;19;26;0;1;0
i541;0;1;0;1;2.4;5;19;26;0;0;0
i542;0;0;1;0;2.8;4;19;23;0;0;0
i543;0;0;1;0;2.8;4;19;23;0;0;0
i544;0;0;0;1;2.4;4;19;26;1;0;0
i545;0;0;0;1;2.4;4;19;26;1;0;0
i546;0;0;0;1;2.3;4;19;22;1;0;0
i547;0;0;1;0;2.8;4;19;23;0;0;0
i548;0;0;1;0;2.8;4;19;23;0;0;0
i549;0;0;0;1;2.3;4;19;22;1;0;0
i550;0;0;0;0;2.0;4;19;26;0;0;0
i551;0;0;0;0;2.0;4;19;26;0;0;0
i552;0;0;1;1;2.5;4;19;24;0;0;0
i553;0;0;0;1;2.3;4;19;28;0;0;0
i554;0;1;0;1;2.0;4;19;25;0;1;0
i555;0;0;0;1;2.0;4;19;27;0;0;0
i556;0;1;0;1;2.3;4;19;28;0;0;0
i557;0;0;0;0;2.5;4;19;25;1;1;0
i558;0;0;0;0;2.5;4;19;24;1;1;0
i559;0;0;0;1;2.0;4;19;26;0;1;0
i560;0;1;0;1;2.0;4;19;26;0;1;0
i561;0;0;0;0;2.5;4;19;25;0;1;0
i562;0;0;0;1;2.5;4;19;25;0;1;0
i563;0;1;0;0;2.5;4;19;25;0;1;0
i564;0;1;0;1;2.5;4;19;25;0;1;0
i565;0;0;0;0;2.5;4;19;25;1;1;0
i566;0;0;0;1;2.5;4;19;24;1;1;0
i567;0;0;1;0;2.7;4;19;23;0;0;0
i568;0;0;0;1;4.2;8;18;24;0;0;0
i569;0;0;0;1;4.2;8;18;24;0;0;0
i570;0;0;0;1;4.4;8;18;26;0;0;0
i571;0;0;0;1;4.4;8;18;26;0;0;0
i572;0;0;0;1;4.4;8;18;26;0;0;0
i573;0;0;0;1;4.4;8;18;26;0;0;0
i574;0;0;0;1;4.4;8;18;26;0;0;0
i575;0;0;0;1;4.6;8;18;26;0;0;0
i576;0;0;1;1;5.3;8;18;21;0;0;1
i577;0;0;0;1;6.0;8;18;26;0;0;0
i578;0;0;0;0;6.0;8;18;28;0;0;0
i579;0;0;0;1;4.6;8;18;25;0;0;0
i580;0;0;0;1;4.6;8;18;23;0;0;0
i581;0;0;0;1;3.9;8;18;24;0;0;0
i582;0;0;1;1;5.3;8;18;21;0;0;1
i583;0;0;0;1;4.2;8;18;27;0;0;0
i584;0;0;0;1;4.2;8;18;28;0;0;0
i585;0;0;0;1;4.2;8;18;26;0;0;0
i586;0;0;0;1;4.2;8;18;26;0;0;0
i587;0;0;0;1;4.3;8;18;23;0;0;0
i588;0;0;0;1;4.3;8;18;25;0;0;0
i589;0;0;0;1;4.3;8;18;23;0;0;0
i590;0;0;0;1;3.9;8;18;24;0;0;0
i591;0;0;0;1;4.6;8;18;25;0;0;0
i592;0;0;0;1;4.6;8;18;25;0;0;0
i593;0;0;0;1;5.3;8;18;27;0;0;0
i594;0;0;0;1;3.5;6;18;26;0;0;0
i595;0;1;0;0;3.0;6;18;26;0;0;0
i596;0;1;0;1;3.0;6;18;26;0;0;0
i597;0;0;0;1;3.0;6;18;26;0;0;0
i598;0;0;0;0;3.0;6;18;26;0;0;0
i599;0;0;0;1;3.0;6;18;26;0;0;0
i600;0;0;0;1;2.5;6;18;26;0;0;0
i601;0;0;0;1;3.0;6;18;25;0;0;0
i602;0;0;0;1;3.0;6;18;25;0;0;0
i603;0;0;0;1;3.4;6;18;24;1;1;0
i604;0;0;0;1;3.6;6;18;25;1;1;0
i605;0;0;0;1;3.6;6;18;27;1;0;0
i606;1;0;0;1;3.5;6;18;24;0;0;0
i607;0;0;0;1;2.8;6;18;27;0;0;0
i608;0;0;0;1;3.6;6;18;27;0;0;0
i609;1;0;0;1;3.5;6;18;24;0;0;0
i610;0;0;0;1;3.8;6;18;25;1;0;0
i611;1;0;0;1;3.8;6;18;25;0;0;0
i612;1;0;0;1;3.3;6;18;25;0;0;0
i613;1;0;0;1;3.8;6;18;25;0;0;0
i614;1;0;0;1;3.3;6;18;25;0;0;0
i615;0;0;0;1;3.0;6;18;22;1;0;0
i616;1;0;0;1;3.9;6;18;23;0;0;0
i617;1;0;0;1;3.8;6;18;23;0;0;0
i618;0;0;1;1;3.0;6;18;22;0;0;0
i619;0;0;1;0;3.0;6;18;23;0;0;0
i620;0;0;1;0;4.0;6;18;23;0;0;0
i621;0;0;0;1;2.7;6;18;23;1;0;0
i622;0;0;0;0;2.7;6;18;26;0;0;0
i623;0;0;0;1;3.5;6;18;26;0;0;0
i624;0;0;0;1;3.5;6;18;25;0;0;0
i625;0;0;0;1;3.5;6;18;25;0;0;0
i626;0;0;0;0;3.0;6;18;26;0;0;0
i627;0;0;0;1;2.5;6;18;26;0;0;0
i628;0;0;0;1;3.0;6;18;25;0;0;0
i629;0;0;0;0;3.0;6;18;28;0;0;0
i630;0;0;0;1;3.0;6;18;24;0;0;0
i631;0;0;0;0;3.0;6;18;27;0;0;0
i632;0;0;0;0;3.7;6;18;22;1;0;0
i633;0;0;0;0;3.7;6;18;22;1;0;0
i634;0;0;0;1;2.5;6;18;21;1;0;0
i635;0;0;0;1;3.0;6;18;25;0;0;0
i636;0;0;0;0;3.0;6;18;25;0;0;0
i637;0;0;0;1;3.0;6;18;24;0;0;0
i638;0;0;0;1;3.3;6;18;24;1;0;0
i639;0;0;1;1;3.0;6;18;22;0;0;0
i640;0;0;1;0;3.0;6;18;23;0;0;0
i641;0;0;1;0;4.0;6;18;23;0;0;0
i642;1;0;0;1;3.0;6;18;25;0;0;0
i643;0;0;0;1;3.0;6;18;22;1;0;0
i644;0;1;0;1;3.2;6;18;24;0;0;0
i645;0;0;0;0;3.5;6;18;25;0;0;0
i646;0;0;0;1;3.0;6;18;23;1;0;0
i647;0;0;0;1;3.5;6;18;25;0;0;0
i648;1;0;0;1;3.5;6;18;25;0;0;0
i649;0;0;0;1;3.4;6;18;24;1;1;0
i650;0;0;0;1;3.8;6;18;27;0;0;0
i651;1;0;0;1;3.5;6;18;24;0;0;0
i652;0;0;0;1;3.6;6;18;26;0;0;0
i653;0;0;0;0;3.6;6;18;26;0;0;0
i654;0;0;0;1;3.6;6;18;26;0;0;0
i655;0;0;0;0;3.6;6;18;26;0;0;0
i656;0;0;0;1;3.6;6;18;26;0;0;0
i657;0;0;0;0;3.6;6;18;26;0;0;0
i658;0;0;0;1;3.6;6;18;26;0;0;0
i659;0;0;0;0;3.6;6;18;26;0;0;0
i660;0;0;0;0;3.8;6;18;26;0;0;0
i661;0;0;0;0;3.8;6;18;26;0;0;0
i662;0;0;0;1;3.6;6;18;26;0;0;0
i663;0;0;0;0;3.6;6;18;26;0;0;0
i664;0;0;0;1;3.6;6;18;26;0;0;0
i665;0;0;0;0;3.6;6;18;26;0;0;0
i666;1;0;0;1;3.5;6;18;24;0;0;0
i667;0;0;0;1;2.7;6;18;22;1;0;0
i668;0;0;0;1;4.0;6;18;22;1;0;0
i669;0;0;0;1;3.3;6;18;24;1;0;0
i670;1;0;0;1;3.3;6;18;24;0;0;0
i671;0;0;1;1;4.0;6;18;22;0;0;0
i672;0;0;1;1;4.0;6;18;22;0;0;0
i673;0;0;0;1;2.9;6;18;26;0;0;0
i674;0;0;1;1;3.5;5;18;23;0;0;0
i675;0;0;1;1;3.5;5;18;22;0;0;0
i676;0;0;1;1;3.5;5;18;23;0;0;0
i677;0;0;1;1;3.5;5;18;23;0;0;0
i678;0;0;1;1;3.5;5;18;22;0;0;0
i679;0;0;1;1;3.5;5;18;23;0;0;0
i680;0;0;0;0;2.5;5;18;24;0;1;0
i681;0;0;0;1;2.5;5;18;24;0;1;0
i682;0;1;0;0;2.5;5;18;24;0;1;0
i683;0;1;0;1;2.5;5;18;24;0;1;0
i684;0;0;0;1;2.5;5;18;24;1;1;0
i685;0;0;0;1;2.5;5;18;23;1;0;0
i686;0;0;1;1;2.8;4;18;25;0;0;0
i687;0;0;1;1;2.8;4;18;25;0;0;0
i688;0;0;1;1;2.8;4;18;25;0;0;0
i689;0;0;1;1;2.8;4;18;25;0;0;0
i690;0;0;0;0;2.4;4;18;21;1;0;0
i691;0;0;0;1;2.5;4;18;23;1;1;0
i692;0;0;0;0;2.5;4;18;24;0;1;0
i693;0;0;0;0;1.3;-1;18;24;0;0;0
i694;0;0;0;1;1.3;-1;18;24;0;0;0
i695;0;0;0;0;4.4;8;17;25;0;0;0
i696;0;0;0;0;4.4;8;17;25;0;0;0
i697;0;0;0;1;4.6;8;17;24;0;0;0
i698;0;0;0;1;4.6;8;17;26;0;0;0
i699;0;0;0;1;4.6;8;17;25;0;0;0
i700;0;0;1;1;5.3;8;17;19;0;0;1
i701;0;0;0;1;5.7;8;17;24;0;1;0
i702;0;0;0;1;5.7;8;17;25;0;0;0
i703;0;0;0;1;5.7;8;17;25;1;0;0
i704;0;0;0;1;5.7;8;17;24;1;1;0
i705;0;0;0;0;4.6;8;17;25;0;0;0
i706;0;0;0;1;3.9;8;17;24;0;0;0
i707;0;0;1;1;5.3;8;17;19;0;0;1
i708;0;0;0;1;4.5;8;17;23;0;0;0
i709;0;0;0;1;4.2;8;17;24;0;0;0
i710;0;0;0;1;4.2;8;17;24;0;0;0
i711;0;0;0;1;3.9;8;17;24;0;0;0
i712;0;0;0;1;5.0;8;17;25;0;0;0
i713;0;0;0;1;5.0;8;17;25;0;0;0
i714;0;0;0;1;5.0;8;17;25;0;0;0
i715;0;0;0;1;4.3;8;17;26;0;0;0
i716;0;0;0;1;4.3;8;17;22;0;0;0
i717;0;0;0;1;4.6;8;17;24;0;0;0
i718;0;0;0;0;6.0;8;17;25;0;0;0
i719;0;0;0;1;4.7;8;17;20;1;0;0
i720;0;0;0;1;3.5;6;17;23;1;0;0
i721;0;0;0;1;3.0;6;17;24;0;0;0
i722;0;0;0;0;3.2;6;17;24;0;0;0
i723;0;0;0;0;2.5;6;17;24;1;0;0
i724;0;0;0;1;2.5;6;17;23;1;0;0
i725;0;0;0;0;3.0;6;17;25;1;0;0
i726;1;0;0;1;3.5;6;17;23;0;1;0
i727;0;0;0;0;2.8;6;17;27;0;0;0
i728;0;0;0;0;3.6;6;17;27;0;0;0
i729;0;0;0;1;3.6;6;17;24;0;0;0
i730;1;0;0;1;3.5;6;17;23;0;1;0
i731;0;0;0;1;3.5;6;17;24;0;1;0
i732;0;0;0;1;3.2;6;17;24;0;0;0
i733;0;0;0;0;3.2;6;17;25;0;0;0
i734;0;0;0;1;3.2;6;17;24;0;0;0
i735;0;0;0;0;3.2;6;17;25;0;0;0
i736;0;0;0;1;3.5;6;17;23;1;0;0
i737;0;0;0;1;3.5;6;17;22;1;1;0
i738;0;0;0;1;3.5;6;17;24;1;1;0
i739;1;0;0;1;4.2;6;17;23;0;0;0
i740;1;0;0;1;4.2;6;17;23;0;0;0
i741;0;0;1;1;4.0;6;17;22;0;0;0
i742;0;0;1;0;3.0;6;17;21;0;0;0
i743;0;0;0;1;3.5;6;17;22;1;0;0
i744;0;0;0;1;3.5;6;17;23;1;0;0
i745;0;0;0;1;3.5;6;17;23;1;0;0
i746;0;0;0;1;3.5;6;17;23;1;0;0
i747;0;0;0;1;3.5;6;17;24;0;0;0
i748;0;0;0;1;3.7;6;17;22;1;0;0
i749;0;0;0;1;3.7;6;17;21;1;0;0
i750;0;0;0;1;3.7;6;17;22;1;0;0
i751;0;0;0;1;3.7;6;17;22;1;0;0
i752;0;0;0;1;3.5;6;17;25;0;0;0
i753;0;0;1;1;4.0;6;17;22;0;0;0
i754;0;0;0;0;3.2;6;17;24;0;0;0
i755;1;0;0;1;4.2;6;17;23;0;0;0
i756;0;0;0;1;3.5;6;17;25;0;0;0
i757;0;0;0;1;3.8;6;17;23;1;0;0
i758;0;0;0;1;3.8;6;17;22;1;0;0
i759;0;0;1;0;4.0;6;17;21;0;0;0
i760;0;0;1;0;4.0;6;17;21;0;0;0
i761;0;0;0;0;4.0;6;17;22;1;0;0
i762;0;0;0;0;4.0;6;17;21;1;0;0
i763;1;0;0;1;3.5;6;17;23;0;1;0
i764;0;0;0;1;3.6;6;17;23;0;0;0
i765;0;0;0;0;3.6;6;17;24;0;0;0
i766;0;0;0;1;3.6;6;17;23;0;0;0
i767;0;0;0;0;3.6;6;17;24;0;0;0
i768;0;0;0;1;3.6;6;17;23;0;0;0
i769;0;0;0;0;3.6;6;17;24;0;0;0
i770;0;0;0;1;3.6;6;17;23;0;0;0
i771;0;0;0;0;3.6;6;17;24;0;0;0
i772;0;0;0;1;3.6;6;17;23;0;0;0
i773;0;0;0;0;3.6;6;17;24;0;0;0
i774;0;0;0;1;3.6;6;17;23;0;0;0
i775;0;0;0;0;3.6;6;17;24;0;0;0
i776;1;0;0;1;3.5;6;17;23;0;1;0
i777;0;0;0;0;2.7;6;17;22;1;0;0
i778;0;0;0;1;2.7;6;17;22;1;0;0
i779;0;0;0;0;2.7;6;17;22;1;0;0
i780;0;0;0;1;4.0;6;17;21;1;0;0
i781;0;0;1;1;4.0;6;17;21;0;0;0
i782;0;0;1;1;3.5;5;17;22;0;0;0
i783;0;0;1;1;3.5;5;17;22;0;0;0
i784;0;0;0;1;2.5;5;17;22;1;1;0
i785;0;0;1;1;2.8;4;17;23;0;0;0
i786;0;0;1;1;2.8;4;17;23;0;0;0
i787;0;0;1;1;2.8;4;17;23;0;0;0
i788;0;0;1;1;2.8;4;17;23;0;0;0
i789;0;0;0;1;4.2;8;16;21;1;0;0
i790;0;0;0;1;4.4;8;16;24;0;0;0
i791;0;0;0;1;4.4;8;16;24;0;0;0
i792;0;0;0;1;4.4;8;16;22;1;0;0
i793;0;0;0;1;5.3;8;16;20;1;0;0
i794;0;0;0;1;4.6;8;16;22;0;1;0
i795;0;0;1;1;4.8;8;16;21;0;0;0
i796;0;0;1;0;4.8;8;16;21;0;0;0
i797;0;0;1;1;5.3;8;16;20;0;0;0
i798;0;0;1;1;5.3;8;16;20;0;0;0
i799;0;0;0;1;4.8;8;16;20;1;0;0
i800;0;0;1;1;4.8;8;16;19;0;0;0
i801;0;0;0;1;4.8;8;16;20;1;0;0
i802;0;0;1;1;4.8;8;16;21;0;0;0
i803;0;0;1;0;4.8;8;16;21;0;0;0
i804;0;0;1;1;5.3;8;16;20;0;0;0
i805;0;0;1;1;5.3;8;16;20;0;0;0
i806;0;0;0;1;4.8;8;16;20;1;0;0
i807;0;0;0;1;5.3;8;16;20;1;0;0
i808;0;0;1;1;4.8;8;16;19;0;0;0
i809;0;0;0;1;4.8;8;16;20;1;0;0
i810;0;0;0;1;4.2;8;16;23;0;0;0
i811;0;0;0;1;4.2;8;16;23;0;0;0
i812;0;0;0;1;5.4;8;16;22;0;0;0
i813;0;0;0;1;5.0;8;16;24;0;0;0
i814;0;0;0;1;5.4;8;16;22;0;0;0
i815;0;0;0;1;5.4;8;16;22;0;0;0
i816;0;0;0;1;5.0;8;16;20;0;0;0
i817;0;1;0;1;5.0;8;16;20;0;0;0
i818;0;0;0;1;5.0;8;16;24;0;0;0
i819;0;0;0;1;5.0;8;16;22;0;0;0
i820;0;0;0;1;5.0;8;16;23;0;0;0
i821;0;0;0;0;5.4;8;16;22;0;0;0
i822;0;0;0;1;6.0;8;16;21;0;0;0
i823;0;0;0;1;4.7;8;16;19;1;0;0
i824;0;0;1;1;4.7;8;16;18;0;0;0
i825;0;0;0;1;4.2;8;16;22;0;0;0
i826;0;0;0;0;2.7;6;16;23;1;0;0
i827;0;0;0;1;2.7;6;16;22;1;0;0
i828;0;0;0;0;3.2;6;16;24;0;0;0
i829;0;0;0;1;3.2;6;16;23;0;0;0
i830;0;0;0;0;3.2;6;16;23;0;0;0
i831;0;0;0;1;3.2;6;16;22;0;0;0
i832;0;0;0;1;3.0;6;16;23;1;0;0
i833;0;0;0;1;3.0;6;16;21;1;0;0
i834;0;0;0;1;4.2;6;16;21;1;0;0
i835;0;0;0;1;3.6;6;16;23;1;0;0
i836;0;0;0;1;3.6;6;16;22;1;1;0
i837;0;0;0;1;4.3;6;16;21;0;0;0
i838;0;0;0;1;4.3;6;16;22;1;0;0
i839;0;0;0;0;4.3;6;16;22;1;0;0
i840;0;0;1;1;4.3;6;16;21;0;0;0
i841;0;0;1;0;4.3;6;16;22;0;0;0
i842;0;0;0;1;4.2;6;16;21;1;0;0
i843;0;0;1;1;3.7;6;16;22;0;0;0
i844;0;0;1;0;3.7;6;16;22;0;0;0
i845;0;0;1;0;3.7;6;16;20;0;0;0
i846;0;0;0;1;3.7;6;16;21;1;0;0
i847;0;0;1;1;3.7;6;16;21;0;0;0
i848;0;0;1;0;3.7;6;16;21;0;0;0
i849;0;0;0;1;4.0;6;16;21;1;0;0
i850;0;0;1;1;3.0;6;16;20;0;0;0
i851;0;0;1;1;4.0;6;16;20;0;0;0
i852;0;0;1;0;4.0;6;16;19;0;0;0
i853;0;0;1;1;4.3;6;16;21;0;0;0
i854;0;0;1;0;4.3;6;16;22;0;0;0
i855;0;0;0;1;4.2;6;16;21;1;0;0
i856;0;0;0;1;4.3;6;16;21;0;0;0
i857;0;0;0;1;3.5;6;16;22;1;1;0
i858;0;0;0;1;4.2;6;16;21;1;0;0
i859;1;0;0;1;3.5;6;16;22;0;0;0
i860;0;0;0;1;3.5;6;16;22;1;0;0
i861;0;0;0;0;3.5;6;16;20;1;0;0
i862;0;0;0;0;3.5;6;16;20;1;0;0
i863;0;0;1;1;4.0;6;16;20;0;0;0
i864;0;0;1;0;4.0;6;16;19;0;0;0
i865;0;0;0;1;4.0;6;16;21;1;0;0
i866;0;0;1;1;4.0;6;16;20;0;0;0
i867;0;0;0;1;4.0;6;16;23;1;0;0
i868;0;0;0;1;4.0;6;16;22;1;0;0
i869;0;0;0;1;4.0;6;16;21;1;0;0
i870;0;0;1;0;4.0;6;16;21;0;0;0
i871;0;0;1;0;4.0;6;16;20;0;0;0
i872;0;0;1;0;4.0;6;16;20;0;0;0
i873;0;0;0;1;3.2;6;16;21;1;0;0
i874;0;0;0;1;6.0;12;15;21;0;0;0
i875;0;0;0;1;6.0;12;15;23;0;0;0
i876;0;0;0;1;6.0;12;15;23;0;0;0
i877;0;0;0;0;4.2;8;15;21;0;0;0
i878;0;0;0;1;4.2;8;15;23;0;0;0
i879;0;1;0;0;4.2;8;15;21;0;0;0
i880;0;1;0;1;4.2;8;15;23;0;0;0
i881;0;0;0;0;4.2;8;15;21;0;0;0
i882;0;0;0;1;4.2;8;15;22;0;0;0
i883;0;0;0;0;4.4;8;15;23;0;0;0
i884;0;0;0;1;4.4;8;15;22;0;0;0
i885;0;0;0;1;5.3;8;15;19;1;1;0
i886;0;0;0;0;5.7;8;15;23;0;0;0
i887;0;0;0;1;5.3;8;15;20;1;0;0
i888;0;0;0;1;4.6;8;15;21;0;0;0
i889;0;0;0;1;4.6;8;15;21;1;0;0
i890;0;0;0;1;4.6;8;15;20;1;1;0
i891;0;0;0;1;5.3;8;15;19;1;0;0
i892;0;0;0;1;5.3;8;15;20;1;0;0
i893;0;0;0;1;5.3;8;15;19;1;0;0
i894;0;0;1;0;4.8;8;15;19;0;0;0
i895;0;0;1;1;5.3;8;15;19;0;0;0
i896;0;0;1;1;5.3;8;15;18;0;0;0
i897;0;0;0;1;5.3;8;15;19;1;0;0
i898;0;0;0;1;5.3;8;15;19;1;0;0
i899;0;0;0;1;5.3;8;15;19;1;1;0
i900;0;0;1;1;6.0;8;15;19;0;0;0
i901;0;0;0;1;5.3;8;15;20;1;0;0
i902;0;0;1;1;4.7;8;15;20;0;0;0
i903;0;0;1;0;4.7;8;15;20;0;0;0
i904;0;0;1;1;4.7;8;15;20;0;0;0
i905;0;0;1;0;4.7;8;15;19;0;0;0
i906;0;0;0;1;4.6;8;15;19;0;0;0
i907;0;0;0;1;4.6;8;15;20;1;0;0
i908;0;0;1;1;4.6;8;15;19;0;0;0
i909;0;0;0;1;5.3;8;15;20;1;0;0
i910;0;0;0;1;5.3;8;15;19;1;0;0
i911;0;0;0;1;5.3;8;15;19;1;0;0
i912;0;0;0;1;5.3;8;15;20;1;0;0
i913;0;0;0;1;5.3;8;15;21;1;0;0
i914;0;0;1;0;4.8;8;15;19;0;0;0
i915;0;0;1;1;5.3;8;15;19;0;0;0
i916;0;0;1;1;5.3;8;15;18;0;0;0
i917;0;0;0;1;5.3;8;15;19;1;0;0
i918;0;0;0;1;5.3;8;15;19;1;1;0
i919;0;0;0;1;4.5;8;15;19;1;1;0
i920;0;0;0;1;5.3;8;15;20;1;0;0
i921;0;0;0;1;4.7;8;15;20;1;0;0
i922;0;0;0;1;4.7;8;15;20;1;0;0
i923;0;0;0;1;4.7;8;15;19;1;0;0
i924;0;0;0;1;4.6;8;15;20;1;0;0
i925;0;0;0;1;5.3;8;15;19;1;1;0
i926;0;0;0;1;4.7;8;15;18;1;0;0
i927;0;0;0;1;4.7;8;15;18;1;0;0
i928;0;0;1;1;4.7;8;15;18;0;0;0
i929;0;0;0;1;4.4;8;15;20;1;1;0
i930;0;0;0;0;3.0;6;15;21;1;0;0
i931;0;0;0;1;4.2;6;15;20;1;1;0
i932;0;0;0;1;4.3;6;15;19;1;0;0
i933;0;0;0;0;4.3;6;15;19;1;0;0
i934;0;0;0;1;4.3;6;15;19;0;0;0
i935;0;0;1;0;4.3;6;15;20;0;0;0
i936;0;0;0;1;4.2;6;15;20;1;0;0
i937;0;0;0;1;4.2;6;15;19;1;0;0
i938;0;0;1;1;3.7;6;15;19;0;0;0
i939;0;0;0;1;4.0;6;15;20;1;0;0
i940;0;0;1;1;4.0;6;15;20;0;0;0
i941;0;0;1;1;4.2;6;15;20;0;0;0
i942;0;0;1;0;4.2;6;15;20;0;0;0
i943;0;0;0;1;4.2;6;15;20;1;0;0
i944;0;0;0;1;4.2;6;15;19;1;0;0
i945;0;0;0;1;4.2;6;15;19;1;0;0
i946;0;0;0;1;4.3;6;15;19;0;0;0
i947;0;0;1;1;4.3;6;15;18;0;0;0
i948;0;0;1;0;4.3;6;15;20;0;0;0
i949;0;0;0;1;4.2;6;15;20;1;0;0
i950;0;0;0;1;4.2;6;15;19;1;0;0
i951;0;0;0;1;4.2;6;15;20;1;0;0
i952;0;0;0;0;4.0;6;15;19;1;0;0
i953;0;0;0;1;3.5;6;15;20;1;0;0
i954;0;0;0;1;3.7;6;15;18;1;0;0
i955;0;0;0;1;4.0;6;15;20;1;0;0
i956;0;0;0;1;3.8;6;15;19;1;0;0
i957;0;0;1;1;4.0;6;15;20;0;0;0
i958;0;0;0;1;4.0;6;15;21;1;0;0
i959;0;0;0;0;3.6;6;15;23;0;0;0
i960;0;0;0;1;3.2;6;15;19;1;0;0
i961;0;0;0;0;3.2;6;15;20;1;0;0
i962;0;0;0;0;3.6;6;15;23;0;0;0
i963;0;0;0;0;3.6;6;15;22;0;0;0
i964;0;0;0;0;3.6;6;15;22;0;0;0
i965;0;0;0;0;3.6;6;15;22;0;0;0
i966;0;0;0;0;3.6;6;15;22;0;0;0
i967;0;0;0;0;3.6;6;15;22;0;0;0
i968;0;0;0;0;3.6;6;15;22;0;0;0
i969;0;0;0;1;4.2;6;15;21;1;1;0
i970;0;0;0;1;2.9;6;15;20;1;1;0
i971;0;0;0;1;4.6;8;14;20;0;0;0
i972;0;0;0;1;6.0;8;14;18;1;0;0
i973;0;0;0;1;4.6;8;14;20;0;0;0
i974;0;0;0;1;5.3;8;14;19;1;0;0
i975;0;0;1;1;6.0;8;14;19;0;0;0
i976;0;0;0;1;5.3;8;14;18;0;0;0
i977;0;0;0;1;5.3;8;14;18;0;1;0
i978;0;0;0;1;5.3;8;14;18;1;0;0
i979;0;0;1;1;6.0;8;14;16;0;1;0
i980;0;0;0;1;5.3;8;14;18;1;0;0
i981;0;0;0;1;5.3;8;14;18;1;1;0
i982;0;0;0;1;5.3;8;14;18;1;0;0
i983;0;0;0;1;5.3;8;14;18;1;1;0
i984;0;0;0;1;5.3;8;14;19;1;0;0
i985;0;0;0;1;6.1;8;14;20;0;0;0
i986;0;0;0;1;4.7;8;14;19;1;0;0
i987;0;0;0;1;5.7;8;14;19;1;0;0
i988;0;0;0;1;4.7;8;14;18;1;0;0
i989;0;0;1;1;4.7;8;14;19;0;0;0
i990;0;0;1;0;4.7;8;14;19;0;0;0
i991;0;0;1;1;5.7;8;14;18;0;0;0
i992;0;0;1;1;4.7;8;14;18;0;0;0
i993;0;0;0;1;5.4;8;14;19;1;0;0
i994;0;0;0;1;5.4;8;14;18;1;0;0
i995;0;0;0;1;4.6;8;14;18;1;0;0
i996;0;0;1;1;5.4;8;14;19;0;0;0
i997;0;0;1;1;4.6;8;14;18;0;0;0
i998;0;0;1;1;5.4;8;14;18;0;0;0
i999;0;0;1;1;6.0;8;14;19;0;0;0
i1000;0;0;0;1;5.3;8;14;19;1;0;0
i1001;0;0;0;1;5.3;8;14;19;1;0;0
i1002;0;0;0;1;5.3;8;14;19;1;0;0
i1003;0;0;0;1;5.3;8;14;18;0;0;0
i1004;0;0;0;1;5.3;8;14;18;0;1;0
i1005;0;0;1;1;6.0;8;14;16;0;1;0
i1006;0;0;0;1;5.3;8;14;18;1;0;0
i1007;0;0;0;1;5.3;8;14;18;1;1;0
i1008;0;0;0;1;5.3;8;14;18;1;0;0
i1009;0;0;0;1;5.3;8;14;18;1;1;0
i1010;0;0;0;1;5.3;8;14;19;1;0;0
i1011;0;0;0;1;5.7;8;14;19;1;0;0
i1012;0;0;0;1;4.4;8;14;18;1;0;0
i1013;0;0;0;1;5.4;8;14;22;0;0;0
i1014;0;0;0;1;5.4;8;14;21;0;0;0
i1015;0;1;0;1;5.4;8;14;21;0;0;0
i1016;0;0;0;1;5.0;8;14;17;1;0;0
i1017;0;0;0;1;5.4;8;14;22;0;0;0
i1018;0;0;0;1;5.4;8;14;20;0;0;0
i1019;0;0;0;1;4.6;8;14;18;1;0;0
i1020;0;0;1;1;5.6;8;14;19;0;0;0
i1021;0;0;1;1;5.6;8;14;19;0;0;0
i1022;0;0;1;1;5.6;8;14;18;0;0;0
i1023;0;0;1;1;5.6;8;14;18;0;0;0
i1024;0;0;0;1;4.5;8;14;18;1;0;0
i1025;0;0;0;1;4.2;8;14;18;1;0;0
i1026;0;0;0;1;4.3;6;14;17;0;1;0
i1027;0;0;1;1;4.3;6;14;18;0;0;0
i1028;0;0;0;1;4.2;6;14;18;1;0;0
i1029;0;0;0;1;4.0;6;14;20;1;0;0
i1030;0;0;0;1;4.0;6;14;20;1;0;0
i1031;0;0;1;1;4.0;6;14;20;0;0;0
i1032;0;0;0;1;4.2;6;14;18;1;0;0
i1033;0;0;0;1;4.2;6;14;18;1;0;0
i1034;0;0;0;1;4.3;6;14;17;0;1;0
i1035;0;0;0;1;4.0;6;14;18;1;0;0
i1036;0;0;0;1;4.0;6;14;19;1;0;0
i1037;0;0;0;1;4.0;6;14;19;1;0;0
i1038;0;0;0;1;4.0;6;14;19;1;0;0
i1039;0;0;0;1;3.6;6;14;22;0;0;0
i1040;0;0;0;1;3.6;6;14;22;0;0;0
i1041;0;0;0;1;3.6;6;14;22;0;0;0
i1042;0;0;0;1;3.6;6;14;22;0;0;0
i1043;0;0;0;1;3.6;6;14;22;0;0;0
i1044;0;0;0;1;3.6;6;14;22;0;0;0
i1045;0;0;0;1;2.8;4;14;19;1;0;0
i1046;0;0;0;1;5.5;12;13;19;0;0;0
i1047;0;0;0;1;5.5;12;13;19;0;0;0
i1048;0;0;0;1;6.0;8;13;17;1;1;0
i1049;0;0;0;1;6.0;8;13;17;1;1;0
i1050;0;0;0;1;6.0;8;13;17;1;1;0
i1051;0;0;1;0;6.0;8;13;20;0;0;0
i1052;0;0;0;1;5.7;8;13;18;1;0;0
i1053;0;0;1;1;5.7;8;13;17;0;0;0
i1054;0;0;0;1;5.4;8;13;17;0;0;0
i1055;0;0;0;0;5.4;8;13;21;0;0;0
i1056;0;0;0;1;6.0;8;13;17;1;1;0
i1057;0;0;0;1;6.0;8;13;17;1;1;0
i1058;0;0;0;1;5.6;8;13;19;1;0;0
i1059;0;0;0;1;5.6;8;13;18;1;0;0
i1060;0;0;0;1;4.7;8;13;17;1;0;0
i1061;0;0;0;1;4.6;8;13;18;1;0;0
i1062;0;0;0;1;4.6;8;13;18;1;0;0
i1063;0;0;0;1;5.4;8;13;18;1;0;0
i1064;0;0;0;1;5.0;8;13;14;1;0;0
i1065;0;0;0;1;5.4;8;13;18;0;0;0
i1066;0;0;0;1;5.6;8;13;19;1;0;0
i1067;0;0;0;1;5.6;8;13;18;1;0;0
i1068;0;0;0;1;4.5;8;13;18;1;0;0
i1069;0;0;0;1;4.7;8;13;17;1;0;0
i1070;0;0;0;1;6.0;12;12;19;0;0;0
i1071;0;0;0;1;5.5;12;12;19;0;0;0
i1072;0;0;0;1;6.0;12;12;19;0;0;0
i1073;0;0;0;1;6.0;12;12;19;0;0;0
i1074;0;0;0;0;8.3;10;12;20;0;0;0
i1075;0;0;1;1;4.7;8;12;15;0;0;0
i1076;0;0;1;1;4.7;8;12;15;0;0;0
i1077;0;0;0;1;4.4;8;12;16;1;0;0
i1078;0;0;0;1;5.4;8;12;14;1;0;0
i1079;0;0;1;1;6.0;8;11;13;0;0;0
i1080;0;0;1;1;6.0;8;11;13;0;0;0
i1081;0;0;0;0;5.7;10;10;16;0;0;0
